label,count,ratio
正,1,0.333333
中,1,0.333333
负,1,0.333333
